Volume (%),RD.1.2.246.352.71.7.787609392710.2951235.20220421111147.dcm_original,RTDose_modified.dcm_original
0.030835646006783842,63.825,60.745000000000005
0.13083564600678385,63.770140000000005,60.688785
0.23083564600678386,63.73509333333333,60.64257
0.3308356460067839,63.71014,60.62014
0.43083564600678387,63.69176,60.601760000000006
0.5308356460067838,63.68095,60.5919625
0.6308356460067839,63.66771,60.580420000000004
0.7308356460067839,63.63799,60.55799
0.8308356460067838,63.625186666666664,60.53528
0.9308356460067838,63.61703249999999,60.52968833333333
1.0308356460067838,63.6123,60.524462500000006
1.1308356460067839,63.60869666666667,60.52040875
1.230835646006784,63.605093333333336,60.516355000000004
1.3308356460067838,63.5971025,60.50780333333333
1.430835646006784,63.590196,60.500996666666666
1.5308356460067838,63.58407857142857,60.49559166666667
1.6308356460067839,63.57944571428572,60.490186666666666
1.730835646006784,63.57478166666667,60.48483625
1.8308356460067838,63.56937666666666,60.4807825
1.930835646006784,63.5634575,60.47672874999999
2.030835646006784,63.55535,60.4688
2.130835646006784,63.544485,60.454656666666665
2.230835646006784,63.528270000000006,60.44327
2.330835646006784,63.512055,60.422055
2.430835646006784,63.48292,60.393336
2.530835646006784,63.47481249999999,60.38685
2.630835646006784,63.466705000000005,60.377273333333335
2.730835646006784,63.452194999999996,60.3635975
2.830835646006784,63.44242285714286,60.35549
2.930835646006784,63.43779,60.34992166666667
3.030835646006784,63.4333875,60.344585714285714
3.130835646006784,63.42933375,60.339952857142855
3.230835646006784,63.42528,60.33532
3.330835646006784,63.417452499999996,60.328962000000004
3.430835646006784,63.409345,60.320793333333334
3.530835646006784,63.39998333333333,60.309983333333335
3.630835646006784,63.391504,60.30208666666667
3.730835646006784,63.385018,60.296681666666665
3.830835646006784,63.376915000000004,60.28755333333333
3.930835646006784,63.36674333333333,60.276743333333336
4.030835646006784,63.35593333333334,60.2682
4.130835646006784,63.3475925,60.25845666666666
4.230835646006784,63.340588,60.250588
4.330835646006784,63.3338775,60.2438775
4.430835646006784,63.325770000000006,60.23577
4.530835646006784,63.305324999999996,60.21855
4.630835646006784,63.29411,60.20774
4.730835646006784,63.282158,60.1939475
4.8308356460067845,63.27567200000001,60.18584
4.930835646006784,63.26531,60.179186
5.030835646006784,63.25975,60.172125
5.130835646006784,63.254017499999996,60.1640175
5.230835646006784,63.24591,60.15591
5.3308356460067845,63.2328025,60.14540333333333
5.430835646006784,63.22482571428571,60.13482571428572
5.530835646006784,63.220192857142855,60.13019285714286
5.630835646006784,63.21556,60.12556
5.730835646006784,63.2078725,60.12024833333333
5.8308356460067845,63.20267333333333,60.11489555555555
5.930835646006784,63.19907,60.11129222222222
6.030835646006784,63.19546666666667,60.10768888888889
6.130835646006784,63.1879425,60.100885000000005
6.230835646006784,63.17811333333333,60.08811333333333
6.3308356460067845,63.1692275,60.0792275
6.430835646006784,63.161896,60.07241333333334
6.530835646006784,63.15541,60.067008333333334
6.630835646006784,63.14487333333333,60.05820666666666
6.730835646006784,63.13406333333334,60.04739666666667
6.8308356460067845,63.12412666666667,60.038689999999995
6.930835646006784,63.118721666666666,60.0305825
7.030835646006784,63.10495,60.021633333333334
7.130835646006784,63.092911666666666,60.008734999999994
7.230835646006784,63.08750666666667,60.000008
7.3308356460067845,63.07920333333333,59.991305000000004
7.430835646006784,63.070045,59.981035999999996
7.530835646006784,63.058875,59.97275
7.630835646006784,63.04883,59.96088666666667
7.730835646006784,63.038156,59.955481666666664
7.8308356460067845,63.025184,59.947615
7.930835646006784,63.009015,59.940606
8.030835646006784,62.99686666666667,59.934266666666666
8.130835646006783,62.99052833333334,59.92886166666666
8.230835646006785,62.985123333333334,59.92345666666667
8.330835646006785,62.97707749999999,59.91805166666666
8.430835646006784,62.97098,59.910293333333335
8.530835646006784,62.965575,59.90293125
8.630835646006783,62.95534,59.8988775
8.730835646006785,62.92119666666667,59.89482374999999
8.830835646006785,62.91038666666667,59.89077
8.930835646006784,62.896865,59.886716250000006
9.030835646006784,62.887825,59.88313
9.130835646006783,62.879717500000005,59.879887000000004
9.230835646006785,62.87048,59.876644
9.330835646006785,62.857005,59.87271571428571
9.430835646006784,62.842193333333334,59.86808285714285
9.530835646006784,62.83283,59.85471666666667
9.630835646006785,62.826344000000006,59.84390666666667
9.730835646006785,62.81643,59.83436555555556
9.830835646006785,62.80228666666667,59.830762222222226
9.930835646006784,62.79147666666667,59.82715888888889
10.030835646006784,62.78175,59.82175
10.130835646006785,62.772285000000004,59.8136425
10.230835646006785,62.75904666666666,59.805535
10.330835646006785,62.744855,59.80067285714286
10.430835646006784,62.73182,59.796040000000005
10.530835646006784,62.72328333333333,59.78997
10.630835646006785,62.712473333333335,59.784242
10.730835646006785,62.699995,59.780999
10.830835646006785,62.68752,59.777756000000004
10.930835646006784,62.67671,59.77256500000001
11.030835646006784,62.663175,59.76252857142857
11.130835646006785,62.6550675,59.75789571428571
11.230835646006785,62.64964,59.752568
11.330835646006785,62.64347,59.746082
11.430835646006784,62.63266,59.739596
11.530835646006784,62.62311,59.731849999999994
11.630835646006785,62.616623999999995,59.722623999999996
11.730835646006785,62.6089225,59.716138
11.830835646006785,62.59163,59.69663
11.930835646006784,62.581166,59.68527666666667
12.030835646006784,62.574200000000005,59.67868
12.130835646006785,62.56032333333333,59.662985
12.230835646006785,62.54951333333334,59.652256666666666
12.330835646006785,62.54263875,59.64685166666666
12.430835646006784,62.538585,59.641954285714284
12.530835646006784,62.5340625,59.63732142857143
12.630835646006785,62.525955,59.62960666666667
12.730835646006785,62.51546333333334,59.61879666666666
12.830835646006785,62.50465333333333,59.60798666666667
12.930835646006784,62.49442166666667,59.60108833333334
13.030835646006784,62.48901666666667,59.595683333333334
13.130835646006785,62.47666999999999,59.58222333333333
13.230835646006785,62.468848,59.57320666666667
13.330835646006785,62.462362,59.56780166666667
13.430835646006784,62.455875999999996,59.561876
13.530835646006784,62.450325,59.55539
13.630835646006785,62.44484,59.547380000000004
13.730835646006785,62.43458428571429,59.53736333333333
13.830835646006785,62.42995142857143,59.5318325
13.930835646006784,62.42531857142857,59.52777875
14.030835646006784,62.42068571428571,59.523542857142864
14.130835646006785,62.41605285714286,59.518910000000005
14.230835646006785,62.408735,59.51247
14.330835646006785,62.39917,59.49917
14.430835646006784,62.385040000000004,59.48836
14.530835646006784,62.374608333333335,59.480529999999995
14.630835646006785,62.36920333333333,59.47404399999999
14.730835646006785,62.363969999999995,59.467558000000004
14.830835646006785,62.35933714285714,59.46219428571429
14.930835646006784,62.353965,59.45756142857143
15.030835646006784,62.34016666666667,59.44775
15.130835646006785,62.3232675,59.42935666666666
15.230835646006785,62.31516,59.420159999999996
15.330835646006785,62.304642,59.4120525
15.430835646006784,62.298156,59.40359333333333
15.530835646006784,62.28945,59.39367
15.630835646006785,62.281184,59.387184000000005
15.730835646006785,62.27462250000001,59.380698
15.830835646006785,62.266515,59.374212
15.930835646006784,62.259726,59.367726
16.030835646006786,62.2528,59.3528
16.130835646006787,62.243770000000005,59.34459
16.230835646006785,62.229085,59.334085
16.330835646006786,62.2209775,59.3259775
16.430835646006788,62.21358,59.32024666666667
16.530835646006786,62.208175,59.3147625
16.630835646006787,62.202324,59.306655
16.730835646006785,62.195838,59.2985475
16.830835646006786,62.17892,59.28225333333333
16.930835646006788,62.16811,59.27144333333334
17.030835646006786,62.1573,59.261725
17.130835646006787,62.1486175,59.2536175
17.230835646006785,62.13901333333334,59.24551
17.330835646006786,62.1299025,59.233515714285716
17.430835646006788,62.122863333333335,59.22888285714286
17.530835646006786,62.11745833333333,59.222375
17.630835646006787,62.11058,59.21205333333334
17.730835646006785,62.099945,59.206648333333334
17.830835646006786,62.090492,59.194365
17.930835646006788,62.0837575,59.1862575
18.030835646006786,62.07565,59.18043333333333
18.130835646006787,62.07002833333333,59.17502833333333
18.230835646006785,62.06462333333333,59.168548
18.330835646006786,62.059218333333334,59.162551666666666
18.430835646006788,62.05322,59.15714666666667
18.530835646006786,62.0451125,59.151089999999996
18.630835646006787,62.038604,59.14434
18.730835646006785,62.03019666666667,59.13353000000001
18.830835646006786,62.014022857142855,59.123632
18.930835646006788,62.009389999999996,59.117146
19.030835646006786,62.00475714285714,59.109575
19.130835646006787,62.000124285714286,59.10298142857143
19.23083564600679,61.995491428571434,59.09834857142857
19.330835646006786,61.9877525,59.093715714285715
19.430835646006788,61.981939999999994,59.089082857142856
19.530835646006786,61.977307142857136,59.08371666666667
19.630835646006787,61.96957333333333,59.07343
19.73083564600679,61.960322500000004,59.0653225
19.830835646006786,61.95128666666667,59.05462
19.930835646006788,61.94047666666667,59.044405
20.030835646006786,61.9318,59.039
20.130835646006787,61.925314,59.033595
20.23083564600679,61.91985666666667,59.02819
20.330835646006786,61.91458875,59.018355
20.430835646006788,61.910535,59.011784999999996
20.530835646006786,61.90648125,59.00773125
20.630835646006787,61.88480666666667,58.99442
20.73083564600679,61.87399666666666,58.9792475
20.830835646006786,61.86364,58.96985333333333
20.930835646006788,61.8555325,58.956064999999995
21.030835646006786,61.841566666666665,58.94894
21.130835646006787,61.8318175,58.938635
21.23083564600679,61.82242,58.923967999999995
21.330835646006786,61.811482,58.917482
21.430835646006788,61.804993333333336,58.910996
21.530835646006786,61.794183333333336,58.90255
21.630835646006787,61.78256,58.88670666666667
21.73083564600679,61.77153800000001,58.873172499999995
21.830835646006786,61.765052,58.865064999999994
21.930835646006788,61.75183285714286,58.8569575
22.030835646006786,61.7472,58.8509
22.130835646006787,61.741594,58.845495
22.23083564600679,61.735108,58.837635
22.330835646006786,61.7270275,58.829527500000005
22.430835646006788,61.71284,58.82022666666667
22.530835646006786,61.7008125,58.8033125
22.630835646006787,61.69194,58.795205
22.73083564600679,61.682678,58.784731666666666
22.830835646006786,61.676192,58.77932666666667
22.930835646006788,61.669706,58.773706000000004
23.030835646006786,61.663516666666666,58.76722
23.130835646006787,61.65811166666667,58.760734
23.23083564600679,61.65041333333333,58.754059999999996
23.330835646006786,61.63960333333333,58.7459525
23.430835646006788,61.632340000000006,58.740230000000004
23.530835646006786,61.62770714285715,58.734474999999996
23.630835646006787,61.613839999999996,58.71826
23.73083564600679,61.604015000000004,58.7085225
23.830835646006786,61.59861,58.70296222222222
23.930835646006788,61.593923,58.69935888888889
24.030835646006786,61.59068,58.69575555555556
24.130835646006787,61.587437,58.691338571428574
24.23083564600679,61.583388,58.686705714285715
24.330835646006786,61.576902000000004,58.681585
24.430835646006788,61.570416,58.676179999999995
24.530835646006786,61.562325,58.66655
24.630835646006787,61.551444000000004,58.658055
24.73083564600679,61.5449475,58.64826333333333
24.830835646006786,61.53684,58.639340000000004
24.930835646006788,61.52664333333334,58.631986000000005
25.030835646006786,61.518125000000005,58.6255
25.130835646006787,61.511013999999996,58.612517499999996
25.23083564600679,61.50421333333333,58.604528
25.330835646006786,61.4938025,58.598042
25.430835646006788,61.485695,58.58639
25.530835646006786,61.47511666666666,58.57907
25.630835646006787,61.46698,58.56896
25.73083564600679,61.447745,58.552745
25.830835646006786,61.438265,58.53935333333333
25.930835646006788,61.4226575,58.525315000000006
26.030835646006786,61.4144,58.5197
26.130835646006787,61.4039425,58.510769999999994
26.23083564600679,61.395835,58.499668
26.330835646006786,61.38197,58.490455000000004
26.430835646006788,61.372696,58.477826666666665
26.530835646006786,61.366209999999995,58.47100833333333
26.630835646006787,61.358405,58.465603333333334
26.73083564600679,61.345594999999996,58.44619
26.830835646006786,61.33376,58.43719
26.930835646006788,61.308164999999995,58.413165
27.030835646006786,61.298475,58.399633333333334
27.130835646006787,61.285734999999995,58.385735000000004
27.23083564600679,61.278808000000005,58.378808
27.330835646006786,61.268305000000005,58.368305
27.430835646006788,61.24972666666667,58.35639333333334
27.530835646006786,61.235875,58.3404375
27.630835646006787,61.22431999999999,58.32432
27.73083564600679,61.20063,58.307296666666666
27.830835646006786,61.18723,58.28982
27.930835646006788,61.17567666666666,58.2805075
28.030835646006786,61.1598,58.2646
28.130835646006787,61.143584999999995,58.24739
28.23083564600679,61.129913333333334,58.23658
28.330835646006786,61.120577499999996,58.223077499999995
28.430835646006788,61.104960000000005,58.214940000000006
28.530835646006786,61.09415,58.1943625
28.630835646006787,61.08002,58.186255
28.73083564600679,61.05759,58.166295
28.830835646006786,61.049032000000004,58.155053333333335
28.930835646006788,61.04091,58.1469325
29.030835646006786,61.02765,58.130300000000005
29.130835646006787,61.011435,58.11262333333333
29.23083564600679,60.99522,58.10022
29.330835646006786,60.9870025,58.090602
29.430835646006788,60.970348,58.082053333333334
29.530835646006786,60.951575,58.05815
29.630835646006787,60.920359999999995,58.02572000000001
29.73083564600679,60.90109666666667,58.004572499999995
29.830835646006786,60.891465,57.996465
29.930835646006788,60.87843,57.98614333333333
30.030835646006786,60.8605,57.965999999999994
30.130835646006787,60.844285000000006,57.9446425
30.23083564600679,60.828070000000004,57.936535
30.330835646006786,60.806855,57.90871
30.430835646006788,60.793256,57.893255999999994
30.530835646006786,60.78677,57.886770000000006
30.630835646006787,60.771420000000006,57.87142
30.73083564600679,60.73966333333333,57.84432666666667
30.830835646006786,60.71656,57.82578
30.930835646006788,60.69413,57.8018475
31.030835646006786,60.67335,57.7817
31.130835646006787,60.649269999999994,57.75309
31.23083564600679,60.63092,57.73684
31.330835646006786,60.61440999999999,57.714803333333336
31.430835646006788,60.60116333333333,57.704395999999996
31.530835646006786,60.59575833333333,57.69791
31.630835646006787,60.58570666666667,57.68904
31.73083564600679,60.564938,57.67469
31.830835646006786,60.558451999999996,57.66121
31.930835646006788,60.54994333333333,57.655805
32.030835646006786,60.5312,57.6374
32.13083564600679,60.51497,57.61496999999999
32.23083564600679,60.486693333333335,57.59751333333333
32.33083564600679,60.46174,57.573370000000004
32.430835646006784,60.43768,57.54304
32.530835646006786,60.421749999999996,57.5275625
32.63083564600679,60.404273333333336,57.50891
32.73083564600679,60.3938475,57.494078
32.83083564600679,60.385740000000006,57.487592
32.930835646006784,60.370264999999996,57.47850999999999
33.030835646006786,60.34905,57.454366666666665
33.13083564600679,60.32878,57.44067
33.23083564600679,60.30824,57.41162
33.33083564600679,60.285405,57.385810000000006
33.430835646006784,60.26919,57.37446
33.530835646006786,60.25698333333333,57.356899999999996
33.63083564600679,60.22088,57.33176
33.73083564600679,60.206089999999996,57.310545
33.83083564600679,60.183659999999996,57.283660000000005
33.930835646006784,60.16707666666667,57.25915333333333
34.030835646006786,60.1396,57.24293333333333
34.13083564600679,60.130342500000005,57.2328425
34.23083564600679,60.11947,57.224734999999995
34.33083564600679,60.09934,57.2166275
34.430835646006784,60.079080000000005,57.18316
34.530835646006786,60.04665,57.155825
34.63083564600679,60.01461,57.124219999999994
34.73083564600679,59.998395,57.10179
34.83083564600679,59.97718,57.07936
34.930835646006784,59.950965,57.055965
35.030835646006786,59.93483333333334,57.03816666666666
35.13083564600679,59.923534999999994,57.02735666666667
35.23083564600679,59.90366,57.011928
35.33083564600679,59.895552499999994,57.005441999999995
35.430835646006784,59.854945,56.964780000000005
35.530835646006786,59.8468375,56.947449999999996
35.63083564600679,59.82330666666667,56.92997333333333
35.73083564600679,59.80749,56.916244999999996
35.83083564600679,59.78835333333333,56.892514999999996
35.930835646006784,59.780526,56.88421
36.030835646006786,59.772600000000004,56.8738
36.13083564600679,59.759256666666666,56.865692499999994
36.23083564600679,59.73534,56.84017
36.33083564600679,59.71291,56.82291
36.430835646006784,59.69887,56.80274
36.530835646006786,59.67805,56.77805
36.63083564600679,59.64031,56.745619999999995
36.73083564600679,59.59319,56.69319
36.83083564600679,59.567879999999995,56.670759999999994
36.930835646006784,59.528330000000004,56.62833
37.030835646006786,59.47045,56.576800000000006
37.13083564600679,59.44449,56.554235
37.23083564600679,59.43302,56.538019999999996
37.33083564600679,59.408609999999996,56.50861
37.430835646006784,59.38618,56.48618
37.530835646006786,59.3590625,56.47125
37.63083564600679,59.34044,56.45132
37.73083564600679,59.322963333333334,56.4309725
37.83083564600679,59.31073,56.42073
37.930835646006784,59.29403,56.39403
38.030835646006786,59.2682,56.3682
38.13083564600679,59.242085,56.3435425
38.23083564600679,59.22891333333333,56.335435
38.33083564600679,59.20430999999999,56.31430999999999
38.43083564600679,59.187293333333336,56.288439999999994
38.530835646006786,59.16315,56.263149999999996
38.63083564600679,59.14702,56.25234
38.73083564600679,59.134863333333335,56.239795
38.83083564600679,59.12405333333333,56.22738666666666
38.93083564600679,59.10445999999999,56.20973
39.030835646006786,59.072433333333336,56.18115
39.13083564600679,59.059934999999996,56.16487
39.23083564600679,59.039959999999994,56.147479999999995
39.33083564600679,58.98500666666666,56.09001
39.43083564600679,58.963386666666665,56.078145
39.530835646006786,58.93515,56.065075
39.63083564600679,58.92424,56.05386
39.73083564600679,58.90557999999999,56.0413225
39.83083564600679,58.88595333333333,56.033215
39.93083564600679,58.83586,56.025107500000004
40.030835646006786,58.81766666666667,56.01433333333333
40.13083564600679,58.77057,56.0038925
40.23083564600679,58.746570000000006,55.995785000000005
40.33083564600679,58.735236666666665,55.985236666666665
40.43083564600679,58.71109333333333,55.944426666666665
40.530835646006786,58.69085,55.932925000000004
40.63083564600679,58.641709999999996,55.91947333333333
40.73083564600679,58.611484999999995,55.900495
40.83083564600679,58.58452,55.88214
40.93083564600679,58.573065,55.871129999999994
41.030835646006786,58.548700000000004,55.8487
41.13083564600679,58.47880999999999,55.76007999999999
41.23083564600679,58.42384,55.723839999999996
41.33083564600679,58.40141,55.69141
41.43083564600679,58.369659999999996,55.66299333333333
41.530835646006786,58.358850000000004,55.65218333333333
41.63083564600679,58.333239999999996,55.62412
41.73083564600679,58.30723,55.600563333333334
41.83083564600679,58.28117333333333,55.57926
41.93083564600679,58.256829999999994,55.55683
42.030835646006786,58.247350000000004,55.54735
42.13083564600679,58.233788,55.532394
42.23083564600679,58.220816,55.52590800000001
42.33083564600679,58.20903666666667,55.50903666666667
42.43083564600679,58.18467999999999,55.47467999999999
42.530835646006786,58.14408333333333,55.443625
42.63083564600679,58.13241000000001,55.423273333333334
42.73083564600679,58.116195,55.411195
42.83083564600679,58.09832,55.39496
42.93083564600679,58.05758999999999,55.36511999999999
43.030835646006786,58.02336666666667,55.312549999999995
43.13083564600679,58.00767,55.296335
43.23083564600679,57.95536,55.26524
43.33083564600679,57.913905,55.21281
43.43083564600679,57.89769,55.19269
43.530835646006786,57.86795,55.1703
43.63083564600679,57.84184,55.14868
43.73083564600679,57.824045,55.124044999999995
43.83083564600679,57.81261,55.10783
43.93083564600679,57.807204999999996,55.099646
44.030835646006786,57.7954,55.0904
44.13083564600679,57.774185,55.074185
44.23083564600679,57.75796999999999,55.05797
44.33083564600679,57.72850999999999,55.02202
44.43083564600679,57.70238666666667,54.99202666666667
44.530835646006786,57.679325,54.979324999999996
44.63083564600679,57.611219999999996,54.92366
44.73083564600679,57.570685,54.87879
44.83083564600679,57.53771999999999,54.83636
44.93083564600679,57.513929999999995,54.81285999999999
45.030835646006786,57.4745,54.768
45.13083564600679,57.437035,54.737035
45.23083564600679,57.41582,54.71582
45.33083564600679,57.4073025,54.704604999999994
45.43083564600679,57.393926666666665,54.69059333333333
45.530835646006786,57.37935,54.677175
45.63083564600679,57.345960000000005,54.64294666666667
45.73083564600679,57.329745,54.62816333333333
45.83083564600679,57.30353,54.61205999999999
45.93083564600679,57.27963,54.57963
46.030835646006786,57.2211,54.521100000000004
46.13083564600679,57.20151333333333,54.50476999999999
46.23083564600679,57.173669999999994,54.468669999999996
46.33083564600679,57.14991,54.449909999999996
46.43083564600679,57.12624,54.42624
46.530835646006786,57.0651,54.3751
46.63083564600679,57.032619999999994,54.328810000000004
46.73083564600679,57.01673,54.312594999999995
46.83083564600679,56.98776,54.27327999999999
46.93083564600679,56.93566,54.22565999999999
47.030835646006786,56.90895,54.20395
47.13083564600679,56.88820499999999,54.18047
47.23083564600679,56.83804,54.12411999999999
47.33083564600679,56.78621999999999,54.07561
47.43083564600679,56.75135999999999,54.04318
47.530835646006786,56.717875,54.007875
47.63083564600679,56.67832,53.974979999999995
47.73083564600679,56.645889999999994,53.945445
47.83083564600679,56.619229999999995,53.91346
47.93083564600679,56.588015,53.885686666666665
48.030835646006786,56.5718,53.8668
48.13083564600679,56.49968,53.79851
48.23083564600679,56.47436999999999,53.773740000000004
48.33083564600679,56.437619999999995,53.726549999999996
48.43083564600679,56.389626666666665,53.68296
48.530835646006786,56.370725,53.670725
48.63083564600679,56.32255,53.624019999999994
48.73083564600679,56.26606,53.55386333333333
48.83083564600679,56.247080000000004,53.54208
48.93083564600679,56.21673,53.51673
49.030835646006786,56.17965,53.47965
49.13083564600679,56.16187,53.45187
49.23083564600679,56.11944,53.419439999999994
49.33083564600679,56.09701,53.397009999999995
49.43083564600679,56.054579999999994,53.36415999999999
49.530835646006786,56.03738333333333,53.331787500000004
49.63083564600679,56.01444,53.30916
49.73083564600679,55.977289999999996,53.26729
49.83083564600679,55.94162,53.23993
49.93083564600679,55.902429999999995,53.20243
50.030835646006786,55.8775,53.177499999999995
50.13083564600679,55.83757,53.136285
50.23083564600679,55.82504666666667,53.12504666666667
50.33083564600679,55.798855,53.09757
50.43083564600679,55.786759999999994,53.08676
50.530835646006786,55.72785,53.027849999999994
50.63083564600679,55.710210000000004,53.00847333333333
50.73083564600679,55.663995,52.962990000000005
50.83083564600679,55.642779999999995,52.937780000000004
50.93083564600679,55.609695,52.90813
51.030835646006786,55.56605,52.86534999999999
51.13083564600679,55.5570675,52.85413500000001
51.23083564600679,55.54694666666667,52.837920000000004
51.33083564600679,55.515115,52.811704999999996
51.43083564600679,55.48199333333333,52.78199333333333
51.530835646006786,55.469274999999996,52.763549999999995
51.63083564600679,55.44112,52.73370666666666
51.73083564600679,55.42623,52.71869
51.83083564600679,55.39917333333334,52.68752
51.93083564600679,55.38127666666667,52.677207499999994
52.030835646006786,55.368199999999995,52.6616
52.13083564600679,55.33691,52.64294
52.23083564600679,55.26077,52.55808
52.33083564600679,55.234109999999994,52.52455500000001
52.43083564600679,55.20612,52.50168
52.530835646006786,55.179249999999996,52.47924999999999
52.63083564600679,55.14682,52.455909999999996
52.73083564600679,55.069694999999996,52.387865
52.83083564600679,55.02196,52.31848
52.93083564600679,55.002265,52.29953
53.030835646006786,54.983066666666666,52.27903333333334
53.13083564600679,54.954339999999995,52.244670000000006
53.23083564600679,54.90224,52.21224
53.33083564600679,54.879936666666666,52.187405
53.43083564600679,54.866189999999996,52.179476
53.530835646006786,54.844975,52.17165
53.63083564600679,54.83084,52.15417333333333
53.73083564600679,54.78518,52.142545
53.83083564600679,54.74633,52.12633
53.93083564600679,54.69546,52.095459999999996
54.030835646006786,54.6584,52.05426666666666
54.13083564600679,54.55574,52.035740000000004
54.23083564600679,54.48381999999999,51.973819999999996
54.33083564600679,54.455254999999994,51.93551
54.43083564600679,54.40924,51.89731999999999
54.530835646006786,54.34065,51.826299999999996
54.63083564600679,54.30661,51.79661
54.73083564600679,54.27579,51.765789999999996
54.83083564600679,54.253359999999994,51.74336
54.93083564600679,54.232965,51.722964999999995
55.030835646006786,54.18175,51.671749999999996
55.13083564600679,54.13821,51.61820999999999
55.23083564600679,54.04228,51.53227999999999
55.33083564600679,54.003105,51.4840525
55.43083564600679,53.986889999999995,51.475944999999996
55.530835646006786,53.97783749999999,51.4678375
55.63083564600679,53.952839999999995,51.44284
55.73083564600679,53.89149,51.38149
55.83083564600679,53.86906,51.35906
55.93083564600679,53.840815,51.335815
56.030835646006786,53.8046,51.3042
56.13083564600679,53.79059,51.280590000000004
56.23083564600679,53.777170000000005,51.26717
56.33083564600679,53.760954999999996,51.250955
56.43083564600679,53.73448,51.22447999999999
56.530835646006786,53.644016666666666,51.17008333333333
56.63083564600679,53.62962,51.11962
56.73083564600679,53.586095,51.078285
56.83083564600679,53.53476,51.02476000000001
56.93083564600679,53.50077666666667,50.99077666666667
57.030835646006786,53.479899999999994,50.969899999999996
57.13083564600679,53.43240999999999,50.91994
57.23083564600679,53.335119999999996,50.82508
57.33083564600679,53.308805,50.798805
57.43083564600679,53.280539999999995,50.78018
57.530835646006786,53.23775,50.72775
57.63083564600679,53.20531999999999,50.695319999999995
57.73083564600679,53.15289,50.65288999999999
57.83083564600679,53.110459999999996,50.60591999999999
57.93083564600679,53.061515,50.56035333333333
58.030835646006786,53.045300000000005,50.535599999999995
58.13083564600679,53.00317,50.493170000000006
58.23083564600679,52.96648,50.45648
58.33083564600679,52.936655,50.41831
58.43083564600679,52.85587999999999,50.351319999999994
58.530835646006786,52.82115,50.3073
58.63083564600679,52.76607,50.25306
58.73083564600679,52.69218,50.19859
58.83083564600679,52.597319999999996,50.08732
58.93083564600679,52.57373,50.06372999999999
59.030835646006786,52.5439,50.0276
59.13083564600679,52.51629,49.997580000000006
59.23083564600679,52.46644,49.95644
59.33083564600679,52.438514999999995,49.934009999999994
59.43083564600679,52.41272,49.90272
59.530835646006786,52.3833,49.876225000000005
59.63083564600679,52.33672,49.827580000000005
59.73083564600679,52.314526666666666,49.804763333333334
59.83083564600679,52.29029,49.79186
59.93083564600679,52.24943,49.73943
60.030835646006786,52.217000000000006,49.707
60.13083564600679,52.174139999999994,49.664139999999996
60.23083564600679,52.13214,49.63071
60.33083564600679,52.109903333333335,49.59990333333334
60.43083564600679,52.08242666666667,49.57728
60.530835646006786,52.06485,49.549925
60.63083564600679,52.03242,49.528710000000004
60.73083564600679,52.012495,49.502494999999996
60.83083564600679,51.99628,49.48628
60.93083564600679,51.945195,49.445195
61.030835646006786,51.917566666666666,49.410133333333334
61.13083564600679,51.86554,49.35554
61.23083564600679,51.83642,49.32784
61.33083564600679,51.821803333333335,49.30860666666666
61.43083564600679,51.80298,49.28698666666667
61.530835646006786,51.77055,49.260549999999995
61.63083564600679,51.73812,49.231559999999995
61.73083564600679,51.70569,49.196034999999995
61.83083564600679,51.66413,49.15413
61.93083564600679,51.632915000000004,49.122915
62.030835646006786,51.598400000000005,49.098400000000005
62.13083564600679,51.555969999999995,49.04597
62.23083564600679,51.510619999999996,49.00061999999999
62.33083564600679,51.468055,48.95722
62.43083564600679,51.42867999999999,48.92684
62.530835646006786,51.397499999999994,48.886250000000004
62.63083564600679,51.37323,48.863229999999994
62.73083564600679,51.338195,48.828195
62.83083564600679,51.31292,48.80291999999999
62.93083564600679,51.280765,48.770765000000004
63.030835646006786,51.25364999999999,48.74275
63.13083564600679,51.18501,48.67501
63.23083564600679,51.13348,48.61772
63.33083564600679,51.04862,48.546809999999994
63.43083564600679,51.02376,48.51407
63.530835646006786,50.961949999999995,48.4589
63.63083564600679,50.92856,48.41856
63.73083564600679,50.87918,48.36709
63.83083564600679,50.86465999999999,48.357415
63.93083564600679,50.81946,48.339459999999995
64.03083564600678,50.76153333333333,48.2924
64.13083564600679,50.72211,48.276185000000005
64.23083564600678,50.65476000000001,48.24162666666666
64.33083564600678,50.580020000000005,48.21002000000001
64.43083564600678,50.475319999999996,48.16008
64.53083564600678,50.41560000000001,48.100300000000004
64.63083564600679,50.36522,48.04011
64.73083564600678,50.30279,47.98279
64.83083564600678,50.26644000000001,47.93716000000001
64.93083564600678,50.18028666666667,47.870286666666665
65.03083564600678,50.16025,47.8455
65.13083564600679,50.09307,47.78114
65.23083564600678,50.06064,47.740640000000006
65.33083564600678,49.98426000000001,47.66068000000001
65.43083564600678,49.92539,47.60578
65.53083564600678,49.87335,47.5628
65.63083564600679,49.83684,47.520920000000004
65.73083564600678,49.73546999999999,47.38943
65.83083564600678,49.62606,47.30818
65.93083564600678,49.49431500000001,47.18363
66.03083564600678,49.4712,47.1574
66.13083564600679,49.42254,47.122539999999994
66.23083564600678,49.39067,47.072835000000005
66.33083564600678,49.371730000000014,47.05955000000002
66.43083564600678,49.27444,46.96092
66.53083564600678,49.229049999999994,46.917025
66.63083564600679,49.20581,46.888873333333336
66.73083564600678,49.18419,46.864189999999994
66.83083564600678,49.15176,46.833380000000005
66.93083564600678,49.106494999999995,46.78799
67.03083564600678,49.0488,46.7307
67.13083564600679,48.999735,46.68447
67.23083564600678,48.98204,46.659079999999996
67.33083564600678,48.93344000000001,46.60883000000001
67.43083564600678,48.88906,46.57645333333333
67.53083564600678,48.79475,46.514250000000004
67.63083564600679,48.753659999999996,46.44366
67.73083564600678,48.72478,46.40478
67.83083564600678,48.68248666666667,46.363491999999994
67.93083564600678,48.67167666666666,46.357006000000005
68.03083564600678,48.6526,46.333800000000004
68.13083564600679,48.615339999999996,46.30050999999999
68.23083564600678,48.58137,46.26137
68.33083564600678,48.565155,46.245155000000004
68.43083564600678,48.53762666666667,46.222879999999996
68.53083564600678,48.520450000000004,46.200450000000004
68.63083564600679,48.49651,46.17802
68.73083564600678,48.47559,46.155590000000004
68.83083564600678,48.44316,46.12362
68.93083564600678,48.41073,46.0992975
69.03083564600678,48.38665,46.0583
69.13083564600679,48.33587,46.00760999999999
69.23083564600678,48.26876000000001,45.93188
69.33083564600678,48.19101,45.87101
69.43083564600678,48.16679,45.84858
69.53083564600678,48.13243333333333,45.815575
69.63083564600679,48.09372,45.77436
69.73083564600678,47.993145000000005,45.693870000000004
69.83083564600678,47.95579000000001,45.615790000000004
69.93083564600678,47.890715,45.57928666666667
70.03083564600678,47.874,45.5595
70.13083564600679,47.79127999999999,45.46813999999999
70.23083564600678,47.719139999999996,45.38914
70.33083564600678,47.677565,45.360855
70.43083564600678,47.62964,45.31785333333333
70.53083564600678,47.6087,45.291850000000004
70.63083564600679,47.54942,45.22942
70.73083564600678,47.466989999999996,45.170970000000004
70.83083564600678,47.43412000000001,45.104560000000006
70.93083564600678,47.37639,45.05638999999999
71.03083564600678,47.3297,45.009699999999995
71.13083564600679,47.26954,44.94727
71.23083564600678,47.22494666666666,44.91492
71.33083564600678,47.20723000000001,44.87982000000001
71.43083564600678,47.13998,44.82249
71.53083564600678,47.117549999999994,44.806275
71.63083564600679,46.985960000000006,44.65536
71.73083564600678,46.91652000000001,44.588830000000016
71.83083564600678,46.802890000000005,44.490260000000006
71.93083564600678,46.77783,44.475943333333326
72.03083564600678,46.665400000000005,44.45724
72.13083564600679,46.61297,44.432970000000005
72.23083564600678,46.58054,44.38608
72.33083564600678,46.528110000000005,44.34811
72.43083564600678,46.46568,44.31568
72.53083564600678,46.411500000000004,44.28325
72.63083564600679,46.37791,44.23409999999999
72.73083564600678,46.30178,44.17517
72.83083564600678,46.26596,44.140480000000004
72.93083564600678,46.24206000000001,44.11059
73.03083564600678,46.15330000000001,44.0272
73.13083564600679,46.09867,43.978669999999994
73.23083564600678,46.046240000000004,43.92624
73.33083564600678,46.01381,43.889405000000004
73.43083564600678,45.97690000000001,43.846900000000005
73.53083564600678,45.898950000000006,43.768950000000004
73.63083564600679,45.866519999999994,43.745760000000004
73.73083564600678,45.85136333333334,43.729544999999995
73.83083564600678,45.81166,43.69832000000001
73.93083564600678,45.779230000000005,43.643460000000005
74.03083564600678,45.6768,43.546800000000005
74.13083564600679,45.60247999999999,43.46310999999999
74.23083564600678,45.52347,43.40347
74.33083564600678,45.49951,43.35206000000002
74.43083564600678,45.42708,43.25228
74.53083564600678,45.27465000000001,43.16395
74.63083564600679,45.243610000000004,43.12222
74.73083564600678,45.219789999999996,43.09979
74.83083564600678,45.17736,43.04972000000001
74.93083564600678,45.149965,43.028310000000005
75.03083564600678,45.1375,43.00666666666667
75.13083564600679,45.080349999999996,42.98007
75.23083564600678,45.037639999999996,42.91764
75.33083564600678,44.965210000000006,42.840105
75.43083564600678,44.89389,42.77389
75.53083564600678,44.850350000000006,42.72035
75.63083564600679,44.80084,42.6523
75.73083564600678,44.74581666666667,42.615489999999994
75.83083564600678,44.72403,42.601020000000005
75.93083564600678,44.692815,42.562815
76.03083564600678,44.6682,42.538199999999996
76.13083564600679,44.638846666666666,42.50577
76.23083564600678,44.59417,42.474169999999994
76.33083564600678,44.570910000000005,42.45091
76.43083564600678,44.53848,42.415440000000004
76.53083564600678,44.448150000000005,42.33920000000001
76.63083564600679,44.41362,42.30224
76.73083564600678,44.34357,42.203095
76.83083564600679,44.28252,42.162519999999994
76.93083564600678,44.25566499999999,42.08899
77.03083564600678,44.1639,42.0328
77.13083564600679,44.094409999999996,41.96147
77.23083564600678,44.049040000000005,41.92904
77.33083564600679,44.009829999999994,41.888220000000004
77.43083564600678,43.98336,41.8609
77.53083564600678,43.92175,41.798375
77.63083564600679,43.88716,41.75364
77.73083564600678,43.794450000000005,41.69255999999999
77.83083564600679,43.71865,41.59391999999999
77.93083564600678,43.652029999999996,41.52906
78.03083564600678,43.5569,41.4369
78.13083564600679,43.48368,41.35717
78.23083564600678,43.409609999999994,41.28474
78.33083564600679,43.37231,41.253654999999995
78.43083564600678,43.33988,41.22476
78.53083564600678,43.316224999999996,41.18745
78.63083564600679,43.255019999999995,41.135020000000004
78.73083564600678,43.10813000000001,40.962950000000006
78.83083564600679,42.985959999999984,40.86016
78.93083564600678,42.903189999999995,40.779095000000005
79.03083564600678,42.8156,40.695600000000006
79.13083564600679,42.80287,40.672869999999996
79.23083564600678,42.75044,40.640440000000005
79.33083564600679,42.711505,40.60801
79.43083564600678,42.67263333333334,40.582645
79.53083564600678,42.60760000000001,40.573150000000005
79.63083564600679,42.53216,40.54071999999999
79.73083564600678,42.49158,40.5283225
79.83083564600679,42.441289999999995,40.49586
79.93083564600678,42.354215,40.424215
80.03083564600678,42.327000000000005,40.397000000000006
80.13083564600679,42.27214,40.33857
80.23083564600678,42.23557,40.30614
80.33083564600679,42.16112999999999,40.212419999999995
80.43083564600678,42.111279999999994,40.18128
80.53083564600678,42.04885,40.112700000000004
80.63083564600679,42.01642,40.07784
80.73083564600678,41.98298,40.04399
80.83083564600679,41.94828,40.018280000000004
80.93083564600678,41.906195000000004,39.97913
81.03083564600678,41.8284,39.9067
81.13083564600679,41.76207999999999,39.83207999999999
81.23083564600678,41.676226666666665,39.746226666666665
81.33083564600679,41.632639999999995,39.69264
81.43083564600678,41.554950000000005,39.61896
81.53083564600678,41.499325000000006,39.549325
81.63083564600679,41.43404,39.51308
81.73083564600678,41.41438,39.48969
81.83083564600679,41.369519999999994,39.431779999999996
81.93083564600678,41.324745,39.39474499999999
82.03083564600678,41.269800000000004,39.3372
82.13083564600679,41.21328333333333,39.29831333333333
82.23083564600678,41.17754,39.24754
82.33083564600679,41.12532999999999,39.19522
82.43083564600678,41.00804,39.08036
82.53083564600678,40.90025,38.97025
82.63083564600679,40.82346,38.900639999999996
82.73083564600678,40.77617000000001,38.85578
82.83083564600679,40.752959999999995,38.82296
82.93083564600678,40.707765,38.780530000000006
83.03083564600678,40.6381,38.70670000000001
83.13083564600679,40.48035999999999,38.568349999999995
83.23083564600678,40.45148,38.52324000000001
83.33083564600679,40.384049999999995,38.43309999999998
83.43083564600678,40.21176,38.278380000000006
83.53083564600678,40.185950000000005,38.25595
83.63083564600679,40.13778,38.20352
83.73083564600678,40.053045,38.119135
83.83083564600679,40.018660000000004,38.08683
83.93083564600678,39.95623,38.01307499999999
84.03083564600678,39.87020000000001,37.94780000000001
84.13083564600679,39.724109999999996,37.77595999999998
84.23083564600678,39.62682,37.708940000000005
84.33083564600679,39.557265,37.61339749999999
84.43083564600678,39.474079999999994,37.55316
84.53083564600678,39.438300000000005,37.508300000000006
84.63083564600679,39.32448,37.40188
84.73083564600678,39.142900000000026,37.20395000000001
84.83083564600679,38.9618,36.983399999999996
84.93083564600678,38.843465,36.921929999999996
85.03083564600678,38.814,36.889500000000005
85.13083564600679,38.69707,36.77707
85.23083564600678,38.614639999999994,36.75428
85.33083564600679,38.58221,36.69701666666666
85.43083564600678,38.54978,36.65978
85.53083564600678,38.516175000000004,36.636175
85.63083564600679,38.384840000000004,36.60996
85.73083564600678,38.32249,36.58249
85.83083564600679,38.25512,36.52006
85.93083564600678,38.20289,36.458149999999996
86.03083564600678,38.145199999999996,36.4052
86.13083564600679,38.01594000000001,36.29716
86.23083564600678,37.80034,36.06034
86.33083564600679,37.757909999999995,36.02081999999999
86.43083564600678,37.70596,35.980720000000005
86.53083564600678,37.65525000000002,35.91915000000001
86.63083564600679,37.56967,35.84624
86.73083564600678,37.49819,35.76273
86.83083564600679,37.475759999999994,35.74576
86.93083564600678,37.38333,35.64831999999999
87.03083564600678,37.284500000000016,35.53630000000002
87.13083564600679,37.04847,35.32541
87.23083564600678,36.90708,35.17604
87.33083564600679,36.857915,35.11831999999997
87.43083564600678,36.721180000000004,34.97972000000001
87.53083564600678,36.60625,34.884375000000006
87.63083564600679,36.504239999999996,34.757639999999995
87.73083564600678,36.450559999999996,34.71056
87.83083564600679,36.367299999999986,34.627299999999984
87.93083564600678,36.23306,34.485150000000004
88.03083564600678,35.951000000000015,34.19100000000002
88.13083564600679,35.81835999999999,34.11503999999998
88.23083564600678,35.58337,33.875220000000006
88.33083564600679,35.50654999999998,33.75516999999998
88.43083564600678,35.372519999999994,33.59534
88.53083564600678,35.181700000000006,33.43280000000001
88.63083564600679,34.990299999999976,33.17606
88.73083564600678,34.78647500000001,33.05959
88.83083564600679,34.65147999999999,32.90147999999999
88.93083564600678,34.540949999999995,32.86391999999999
89.03083564600678,34.13420000000001,32.56720000000003
89.13083564600679,33.93474,32.382435
89.23083564600678,33.82988,32.3072
89.33083564600679,33.58006499999998,31.990064999999987
89.43083564600678,33.40016,31.86805999999999
89.53083564600678,33.19236666666667,31.592575
89.63083564600679,33.05316,31.493159999999996
89.73083564600678,32.85645000000001,31.160510000000027
89.83083564600679,32.59858,31.049649999999996
89.93083564600678,32.49129,30.937580000000004
90.03083564600678,32.284000000000034,30.751000000000026
90.13083564600679,32.17614,30.636709999999997
90.23083564600678,31.98942,30.453490000000002
90.33083564600679,31.797839999999987,30.266419999999993
90.43083564600678,31.578120000000002,30.027800000000006
90.53083564600678,31.163500000000028,29.615850000000005
90.63083564600679,30.991839999999996,29.451839999999997
90.73083564600678,30.830940000000002,29.29495
90.83083564600679,30.49483999999999,29.03856
90.93083564600678,30.40613,29.005565000000004
91.03083564600678,30.342400000000005,28.873700000000003
91.13083564600679,30.147699999999986,28.797699999999985
91.23083564600678,29.938039999999997,28.589559999999995
91.33083564600679,29.875705,28.51641
91.43083564600678,29.64786000000001,28.305820000000008
91.53083564600678,29.42085000000002,28.04775000000001
91.63083564600679,29.24971999999999,27.901479999999992
91.73083564600678,29.131900000000027,27.768380000000004
91.83083564600679,28.992779999999996,27.65278
91.93083564600678,28.94183,27.591829999999998
92.03083564600678,28.872600000000006,27.517000000000007
92.13083564600679,28.76697,27.394924999999997
92.23083564600678,28.531320000000022,27.171320000000023
92.33083564600679,28.340319999999988,27.021879999999992
92.43083564600678,28.10968,26.759680000000003
92.53083564600678,27.989750000000004,26.694000000000003
92.63083564600679,27.873739999999977,26.504099999999987
92.73083564600678,27.696730000000013,26.36890000000002
92.83083564600679,27.49979999999999,26.15971999999999
92.93083564600678,27.345239999999993,26.032709999999994
93.03083564600678,27.195200000000003,25.845200000000006
93.13083564600679,27.16034,25.80801
93.23083564600678,26.95548,25.612160000000014
93.33083564600679,26.85781,25.511405
93.43083564600678,26.696519999999992,25.34727999999999
93.53083564600678,26.60295,25.252950000000002
93.63083564600679,26.548799999999996,25.206039999999998
93.73083564600678,26.37062000000001,25.15809
93.83083564600679,26.11159999999997,24.946979999999993
93.93083564600678,25.929689999999997,24.825529999999983
94.03083564600678,25.820800000000002,24.660800000000002
94.13083564600679,25.59511,24.42837
94.23083564600678,25.352350000000005,24.189700000000002
94.33083564600679,25.292019999999994,24.132019999999994
94.43083564600678,25.153639999999992,23.995399999999997
94.53083564600678,24.976900000000015,23.813250000000014
94.63083564600679,24.819879999999994,23.65597999999999
94.73083564600678,24.67258,23.508950000000002
94.83083564600679,24.557719999999993,23.397719999999996
94.93083564600678,24.214650000000006,23.07893
95.03083564600678,24.009500000000006,22.83250000000001
95.13083564600679,23.813604999999995,22.68988499999999
95.23083564600678,23.68484,22.524760000000004
95.33083564600679,23.569209999999995,22.417105
95.43083564600678,23.415680000000002,22.24212
95.53083564600678,23.242400000000004,22.073700000000002
95.63083564600679,23.035759999999996,21.86884
95.73083564600678,22.83398,21.679900000000007
95.83083564600679,22.65706,21.497059999999998
95.93083564600678,22.214639999999996,21.196489999999994
96.03083564600678,21.70700000000002,20.710200000000032
96.13083564600679,20.858389999999993,19.91931
96.23083564600678,20.562020000000004,19.609040000000007
96.33083564600679,20.394729999999996,19.45355999999997
96.43083564600678,20.23374,19.272479999999998
96.53083564600678,20.155200000000008,19.195100000000004
96.63083564600679,20.03762,19.085479999999997
96.73083564600678,20.025063333333332,19.055095
96.83083564600679,18.986279999999006,17.983479999999076
96.93083564600678,15.468960000000008,14.66033
97.03083564600678,15.168500000000037,14.366900000000028
97.13083564600679,14.85547,14.06829
97.23083564600678,14.503240000000009,13.711280000000011
97.33083564600679,14.320609999999997,13.560609999999997
97.43083564600678,14.06362000000001,13.467720000000003
97.53083564600678,13.888000000000012,13.30800000000001
97.63083564600679,13.843319999999999,13.26332
97.73083564600678,13.802945,13.21363
97.83083564600679,13.786729999999999,13.20282
97.93083564600678,13.766030000000002,13.18603
98.03083564600678,13.689400000000012,13.119400000000011
98.13083564600679,13.623723333333333,13.06117
98.23083564600678,13.60874,13.03187
98.33083564600679,13.586310000000001,13.00631
98.43083564600678,13.561293333333333,12.981293333333333
98.53083564600678,13.550483333333334,12.970483333333334
98.63083564600679,13.511079999999993,12.923039999999995
98.73083564600678,13.466589999999998,12.88659
98.83083564600679,13.44472,12.869579999999997
98.93083564600678,13.43173,12.85173
99.03083564600678,13.409300000000002,12.829300000000002
99.13083564600679,13.390935,12.810934999999999
99.23083564600678,13.36972,12.79148
99.33083564600679,13.359252499999998,12.7817525
99.43083564600678,13.34729,12.77229
99.53083564600678,13.331075000000002,12.751075
99.63083564600679,13.30472,12.72472
99.73083564600678,13.259580000000005,12.682290000000002
99.83083564600679,13.219859999999999,12.639859999999999
99.93083564600678,13.196214999999999,12.616214999999999
100.03083564600678,-12.685000000000002,-11.995000000000001
